symbol,timeframe,ts,open,high,low,close,volume,ret_1,ret_5,rsi_14,atr_14,ema_dist_50,volume_z,y_up
SYN,5m,2024-01-01T00:00:50Z,108.44253896524503,108.44253896524503,108.29066937534026,108.29066937534026,912.780245101814,-0.001400461399686059,-0.007101003639168691,35.15994513324249,0.17720555168194657,0.017816357627614552,-1.0325736566918473,0
SYN,5m,2024-01-01T00:00:51Z,108.29066937534026,108.29066937534026,108.20084876296998,108.20084876296998,920.5777069578153,-0.0008294399959700381,-0.007041841006358314,24.259083651012986,0.1601722567033416,0.016334312330984896,-0.9793594137097535,0
SYN,5m,2024-01-01T00:00:52Z,108.20084876296998,108.20084876296998,108.02138005381833,108.02138005381833,800.0221521831979,-0.0016586626741237696,-0.006984823267782042,13.93701675937784,0.15585693572783604,0.014123560206182748,-1.80209797955219,0
SYN,5m,2024-01-01T00:00:53Z,108.02138005381833,108.02138005381833,107.90384973026283,107.90384973026283,811.1181689785119,-0.0010880283467674947,-0.006929540568682805,0.0,0.14253015158590188,0.012537976205117313,-1.7263725518702604,0
SYN,5m,2024-01-01T00:00:54Z,107.90384973026283,107.90384973026283,107.69695106555449,107.69695106555449,823.8567055902802,-0.0019174354318733885,-0.006875419063449844,0.0,0.14517811664884103,0.01022365217113082,-1.6394376498452876,0
SYN,5m,2024-01-01T00:00:55Z,107.69695106555449,107.69695106555449,107.55190672841717,107.55190672841717,838.2151450673723,-0.0013467822041594614,-0.006822034171406848,0.0,0.14796216248498592,0.008540259288475568,-1.541447624207701,0
SYN,5m,2024-01-01T00:00:56Z,107.55190672841717,107.55190672841717,107.31787731278123,107.31787731278123,854.1574920492611,-0.0021759671469784906,-0.008160485433187571,0.0,0.15066935888843602,0.006128046485344058,-1.432648127439898,0
SYN,5m,2024-01-01T00:00:57Z,107.31787731278123,107.31787731278123,107.14564399940927,107.14564399940927,871.6346700435197,-0.001604889303484659,-0.0081070622683468,0.0,0.15349320353942936,0.004352764173507915,-1.3133740849882534,0
SYN,5m,2024-01-01T00:00:58Z,107.14564399940927,107.14564399940927,107.03491448085053,107.03491448085053,890.5849267374119,-0.0010334486258662301,-0.008052866061632278,0.0,0.1564277827462277,0.003192445538934516,-1.1840469291900237,0
SYN,5m,2024-01-01T00:00:59Z,107.03491448085053,107.03491448085053,106.83566402953413,106.83566402953413,910.9343439962015,-0.0018615463214300021,-0.007997320513707924,0.0,0.1592483793838834,0.0012810919032477447,-1.0451711187595043,0
SYN,5m,2024-01-01T00:01:00Z,106.83566402953413,106.83566402953413,106.69794375680539,106.69794375680539,932.5974483362173,-0.001289085194347372,-0.007940007737548983,0.0,0.16216011732127608,-7.689741435453649e-06,-0.897329972578223,0
SYN,5m,2024-01-01T00:01:01Z,106.69794375680539,106.69794375680539,106.47217411068827,106.47217411068827,955.4779168309183,-0.002115969981874323,-0.007880357152687015,0.0,0.16493024160553713,-0.002044705485275322,-0.7411808521969464,0
SYN,5m,2024-01-01T00:01:02Z,106.47217411068827,106.47217411068827,106.30798255287213,106.30798255287213,979.4693726200394,-0.0015421076838859848,-0.007817970150440822,0.0,0.16777205866291414,-0.0034514763774367106,-0.5774497328361182,0
SYN,5m,2024-01-01T00:01:03Z,106.30798255287213,106.30798255287213,106.0563081967824,106.0563081967824,1004.4562634518912,-0.0023674078845825793,-0.009142869771183088,0.0,0.1704450548901885,-0.00560395958042788,-0.40692520772159674,0
SYN,5m,2024-01-01T00:01:04Z,106.0563081967824,106.0563081967824,105.86627829979167,105.86627829979167,1030.3148160031296,-0.0017917830652574784,-0.009073615431214753,0.0,0.17317079111061315,-0.007118468273227756,-0.23045197527253072,0
SYN,5m,2024-01-01T00:01:05Z,105.86627829979167,105.86627829979167,105.737635007423,105.737635007423,926.9140580944861,-0.0012151489070427823,-0.009000255446076877,0.0,0.17594383968192773,-0.008016549965325847,-0.9361166078796546,0
SYN,5m,2024-01-01T00:01:06Z,105.737635007423,105.737635007423,105.52220255055443,105.52220255055443,954.1169003602148,-0.002037424582585431,-0.008922251922330973,0.0,0.17851267880456487,-0.00967942212881906,-0.7504691901859171,0
SYN,5m,2024-01-01T00:01:07Z,105.52220255055443,105.52220255055443,105.3682949321403,105.3682949321403,981.7812684379888,-0.0014585330356461088,-0.008839295019680005,0.0,0.18111105700875235,-0.010716803420821782,-0.5616720620917641,0
SYN,5m,2024-01-01T00:01:08Z,105.3682949321403,105.3682949321403,105.12822367750374,105.12822367750374,1009.7612763287509,-0.002278401247653981,-0.008750865790619823,0.0,0.18348052771791043,-0.012514100942323947,-0.37072083128914596,0
SYN,5m,2024-01-01T00:01:09Z,105.12822367750374,105.12822367750374,104.94982523550848,104.94982523550848,1037.908431236005,-0.0016969604902915454,-0.008656704278278124,0.0,0.1858629637791915,-0.013676974190674585,-0.17862889571443621,0
SYN,5m,2024-01-01T00:01:10Z,104.94982523550848,104.94982523550848,104.68596599307983,104.68596599307983,1066.0728599340564,-0.0025141465632415165,-0.009946023610886819,0.0,0.18799366569295728,-0.015595383922890001,0.01358092587468147,0
SYN,5m,2024-01-01T00:01:11Z,104.68596599307983,104.68596599307983,104.48393254560663,104.48393254560663,1094.1045465368986,-0.0019299000162691666,-0.009839351149350467,0.0,0.19012224670018846,-0.01687057642805235,0.2048848411267297,0
SYN,5m,2024-01-01T00:01:12Z,104.48393254560663,104.48393254560663,104.34348875885406,104.34348875885406,1121.8545714453048,-0.0013441663548724792,-0.00972594435495266,0.0,0.19224469442831907,-0.017523994307930432,0.3942665393646695,0
SYN,5m,2024-01-01T00:01:13Z,104.34348875885406,104.34348875885406,104.11843068145123,104.11843068145123,1149.1763412399323,-0.0021568962287906797,-0.009605346316420212,0.0,0.19408809629163568,-0.018949964013747014,0.5807255850646676,0
SYN,5m,2024-01-01T00:01:14Z,104.11843068145123,104.11843068145123,103.9551682340594,103.9551682340594,1175.926799363037,-0.0015680456027168603,-0.009477452670521976,0.0,0.19591253733899908,-0.019744341816731594,0.7632856802255844,0
SYN,5m,2024-01-01T00:01:15Z,103.9551682340594,103.9551682340594,103.70800693048896,103.70800693048896,1201.967607590053,-0.0023775759086257504,-0.009341835396117151,0.0,0.19744051287137918,-0.021305045903922487,0.9410027273921575,0
SYN,5m,2024-01-01T00:01:16Z,103.70800693048896,103.70800693048896,103.52284103609968,103.52284103609968,1227.1662885335318,-0.0017854541791878667,-0.009198462252437199,0.0,0.19893867976946109,-0.022224671408376823,1.1129726267412,1
SYN,5m,2024-01-01T00:01:17Z,103.52284103609968,103.52284103609968,103.2545457378088,103.2545457378088,1251.3973197437579,-0.002591653161811144,-0.010436137740821562,0.0,0.20012588992668562,-0.02390508907103137,1.2783387428364341,1
SYN,5m,2024-01-01T00:01:18Z,103.2545457378088,103.2545457378088,103.04843403044455,103.04843403044455,1144.5431703701188,-0.0019961514129132572,-0.010276726646796228,0.0,0.2012745906676514,-0.024935280157723862,0.5491062344353269,1
SYN,5m,2024-01-01T00:01:19Z,103.04843403044455,103.04843403044455,102.90427613713683,102.90427613713683,1166.4952718216723,-0.0013989333720989016,-0.010109089473612698,0.0,0.20238277644901156,-0.025336943970218146,0.6989196586217458,1
SYN,5m,2024-01-01T00:01:20Z,102.90427613713683,103.03805278525529,102.90427613713683,103.03805278525529,1187.1549144104517,0.0013000105840128215,-0.006460004054293669,4.8615946243770765,0.1965502186811463,-0.023064324681331783,0.8399126202989333,1
SYN,5m,2024-01-01T00:01:21Z,103.03805278525529,103.23389557475495,103.03805278525529,103.23389557475495,1206.434062572331,0.0019006841084994732,-0.002791127624134324,11.798930647824108,0.19954558804439923,-0.020295119273019344,0.9714843155146564,1
SYN,5m,2024-01-01T00:01:22Z,103.23389557475495,103.3477713231893,103.23389557475495,103.3477713231893,1224.2560819327298,0.0011030848714983523,0.0009028714882658417,16.626230871235805,0.19053162331567006,-0.018419087784379645,1.0931117484139814,1
SYN,5m,2024-01-01T00:01:23Z,103.3477713231893,103.52420711051239,103.3477713231893,103.52420711051239,1240.5563722124866,0.0017072045682662682,0.004616985057019661,23.257760579286483,0.19039143369622938,-0.016029150208392826,1.2043540505431087,1
SYN,5m,2024-01-01T00:01:24Z,103.52420711051239,103.61872770841342,103.52420711051239,103.61872770841342,1255.282900746874,0.0009130289479070624,0.006942875438183539,28.622239248374683,0.1782958162299703,-0.01451008406465964,1.3048561218816799,1
SYN,5m,2024-01-01T00:01:25Z,103.61872770841342,103.77628390717558,103.61872770841342,103.77628390717558,1268.3966322115443,0.0015205378626683573,0.007164645506829045,35.56799408674428,0.17511886989346795,-0.012461204500028935,1.3943515635330943,1
SYN,5m,2024-01-01T00:01:26Z,103.77628390717558,103.9972968129329,103.77628390717558,103.9972968129329,1279.871851006397,0.002129705337637725,0.007394870007837158,43.16429599395266,0.18087380696523578,-0.009905247074927449,1.47266487785242,1
SYN,5m,2024-01-01T00:01:27Z,103.9972968129329,104.13670515401333,103.9972968129329,104.13670515401333,1289.6963736348719,0.001340499660593958,0.007633776913842353,50.3734692093084,0.17475596865649226,-0.008217858929606718,1.5397129178415305,1
SYN,5m,2024-01-01T00:01:28Z,104.13670515401333,104.34007200638942,104.13670515401333,104.34007200638942,1297.8716493246764,0.0019528834917075801,0.00788090938968592,57.739285699806786,0.177620569012511,-0.006007558065637232,1.595505573841256,1
SYN,5m,2024-01-01T00:01:29Z,104.34007200638942,104.46181746240646,104.34007200638942,104.46181746240646,1304.412748058944,0.0011668139927063005,0.008136461165258893,65.96195808972419,0.16866229418726825,-0.004645490548656461,1.640145691849309,1
SYN,5m,2024-01-01T00:01:30Z,104.46181746240646,104.64799380274107,104.46181746240646,104.64799380274107,1309.348236116671,0.0017822429750622762,0.008399895069910221,73.81494880244334,0.16873446889764868,-0.0027460691924944603,1.673828224138577,1
SYN,5m,2024-01-01T00:01:31Z,104.64799380274107,104.75254939934382,104.64799380274107,104.75254939934382,1182.719940150312,0.0009991170666858217,0.007262232861392958,84.06810226054483,0.15703877591992516,-0.0016767689108707143,0.8096458742401793,1
SYN,5m,2024-01-01T00:01:32Z,104.75254939934382,104.9219738573497,104.75254939934382,104.9219738573497,1184.582601748972,0.001617377896551119,0.007540748501452922,93.33175201867624,0.15441825810861332,-5.696981321787296e-05,0.8223577192911712,1
SYN,5m,2024-01-01T00:01:33Z,104.9219738573497,105.1566803569548,104.9219738573497,105.1566803569548,1185.003425340067,0.002236962296612904,0.007826411606418752,100.0,0.16088601570128297,0.00208982771627757,0.8252296549598139,1
SYN,5m,2024-01-01T00:01:34Z,105.1566803569548,105.30997803060758,105.1566803569548,105.30997803060758,1184.0615231632432,0.0014578025203193703,0.008119335742041421,100.0,0.1622803746680209,0.0034035457845976672,0.8188015874388057,1
SYN,5m,2024-01-01T00:01:35Z,105.30997803060758,105.5290045112038,105.30997803060758,105.5290045112038,1181.8472619003778,0.002079826476960754,0.008418801703197564,100.0,0.16393635260348866,0.005257403568081746,0.8036902295323517,1
SYN,5m,2024-01-01T00:01:36Z,105.5290045112038,105.6665043698636,105.5290045112038,105.6665043698636,1178.4615163577046,0.0013029579810469084,0.008724894771157782,100.0,0.16562378904816402,0.006294890490965613,0.7805840073653669,1
SYN,5m,2024-01-01T00:01:37Z,105.6665043698636,105.87013608843989,105.6665043698636,105.87013608843989,1174.014836363726,0.0019271170158475126,0.009036831811602218,100.0,0.16756635556624996,0.007884381713719203,0.7502373748286438,1
SYN,5m,2024-01-01T00:01:38Z,105.87013608843989,105.9921217777224,105.87013608843989,105.9921217777224,1168.6265337633222,0.0011522200101887884,0.007944729882416401,100.0,0.16952814780778475,0.008672232865474925,0.7134645827157517,1
SYN,5m,2024-01-01T00:01:39Z,105.9921217777224,106.18059486234361,105.9921217777224,106.18059486234361,1162.4236970483514,0.0017781801275424747,0.008267182730614482,100.0,0.17173649679771635,0.010022770584168436,0.6711329540108723,1
SYN,5m,2024-01-01T00:01:40Z,106.18059486234361,106.4359493783341,106.18059486234361,106.4359493783341,1155.5401417626997,0.002404907566411178,0.008594271037911837,100.0,0.1741894689572285,0.01191167175357713,0.6241557208655223,1
SYN,5m,2024-01-01T00:01:41Z,106.4359493783341,106.60968582913068,106.4359493783341,106.60968582913068,1148.115305350132,0.001632309870972482,0.008926021210710918,100.0,0.17664147679409684,0.012991638710146863,0.5734844824218769,1
SYN,5m,2024-01-01T00:01:42Z,106.60968582913068,106.8506548758812,106.60968582913068,106.8506548758812,1140.2930955721522,0.002260292250900505,0.009261523822187439,100.0,0.17932734782084175,0.014620768810952861,0.5201013457718446,1
SYN,5m,2024-01-01T00:01:43Z,106.8506548758812,107.00972963343811,106.8506548758812,107.00972963343811,1132.2207020065262,0.0014887579092677634,0.009600787668443413,100.0,0.18199372650226106,0.015454772160040325,0.46501081495793617,1
SYN,5m,2024-01-01T00:01:44Z,107.00972963343811,107.23633433337157,107.00972963343811,107.23633433337157,994.0473804420293,0.002117608377384889,0.009942866419204577,100.0,0.1848814664736074,0.016847590975385032,-0.4779612499476543,1
SYN,5m,2024-01-01T00:01:45Z,107.23633433337157,107.38075420771332,107.23633433337157,107.38075420771332,985.9232202088298,0.0013467438554248233,0.008876745450175364,100.0,0.18772891488353594,0.017457320964370457,-0.533405065468497,1
SYN,5m,2024-01-01T00:01:46Z,107.38075420771332,107.59294540289628,107.38075420771332,107.59294540289628,977.9979046248383,0.0019760635576511077,0.009222985379973061,100.0,0.1907836818247556,0.018634468117989883,-0.587491853834343,1
SYN,5m,2024-01-01T00:01:47Z,107.59294540289628,107.87327517055276,107.59294540289628,107.87327517055276,970.4194747952267,0.0026054660610577195,0.009570557109448142,100.0,0.19404248668556892,0.020353964021325305,-0.6392112997031691,1
SYN,5m,2024-01-01T00:01:48Z,107.87327517055276,108.07120641241383,107.87327517055276,108.07120641241383,963.3331069746027,0.0018348496562112506,0.009919441742464036,100.0,0.1972305987004463,0.021279619219545378,-0.687572639076307,1
SYN,5m,2024-01-01T00:01:49Z,108.07120641241383,108.33750604454026,108.07120641241383,108.33750604454026,956.8799135893379,0.002464112699086553,0.010268643720564108,100.0,0.2006072523811763,0.022756530520881054,-0.7316128417929931,1
SYN,5m,2024-01-01T00:01:50Z,108.33750604454026,108.52093812220576,108.33750604454026,108.52093812220576,951.195777822126,0.0016931539626737116,0.010618140307404716,100.0,0.20388812516729718,0.023451166891185714,-0.770404564977483,1
SYN,5m,2024-01-01T00:01:51Z,108.52093812220576,108.77290995697123,108.52093812220576,108.77290995697123,946.4102313836786,0.0023218729871439556,0.010966932354685714,100.0,0.2073409906093815,0.024704970628170914,-0.8030638117529756,1
SYN,5m,2024-01-01T00:01:52Z,108.77290995697123,108.94152650528456,108.77290995697123,108.94152650528456,942.6453847397812,0.0015501704273612395,0.009902835832534443,100.0,0.21067176625443956,0.025186484337615972,-0.8287572319707971,1
SYN,5m,2024-01-01T00:01:53Z,108.94152650528456,109.1787955282532,108.94152650528456,109.1787955282532,940.0149186287235,0.0021779483965385545,0.010248697618981598,100.0,0.21415719042211379,0.02623418103245795,-0.8467090046597847,1
SYN,5m,2024-01-01T00:01:54Z,109.1787955282532,109.48505414724977,109.1787955282532,109.48505414724977,938.6231451979352,0.002805110804847745,0.010592343728474988,100.0,0.2177931977796906,0.02782245102100361,-0.856207245355248,1
SYN,5m,2024-01-01T00:01:55Z,109.48505414724977,109.70748000805169,109.48505414724977,109.70748000805169,938.5641465136785,0.002031563691814707,0.010933759939577356,100.0,0.22127101278007189,0.02862511529290274,-0.8566098853908956,1
SYN,5m,2024-01-01T00:01:56Z,109.70748000805169,109.99899643002841,109.70748000805169,109.99899643002841,939.9209975586593,0.002657215551349173,0.011271983746157009,100.0,0.22488153958194346,0.029975920290366692,-0.8473499745979304,0
SYN,5m,2024-01-01T00:01:57Z,109.99899643002841,110.20601208264328,109.99899643002841,110.20601208264328,812.7650801346352,0.0018819776482829616,0.011607011742188034,100.0,0.22830588922894077,0.030551072172761963,-1.715133108568025,0
SYN,5m,2024-01-01T00:01:58Z,110.20601208264328,110.48216237615611,110.20601208264328,110.48216237615611,817.1554933363478,0.002505764325323224,0.011937911950728778,100.0,0.23184486019889558,0.03168110458708737,-1.6851704721073015,0
SYN,5m,2024-01-01T00:01:59Z,110.48216237615611,110.67313005352203,110.48216237615611,110.67313005352203,823.1385654655376,0.0017284932993593596,0.010851489415846486,100.0,0.23516970327205047,0.032044029686576526,-1.6443386399108988,0
SYN,5m,2024-01-01T00:02:00Z,110.67313005352203,110.67313005352203,110.54586546588415,110.54586546588415,830.7474714160355,-0.0011499140539021169,0.007642008163626835,96.03221818385575,0.22910351701883108,0.029716753398664423,-1.5924112079394213,0
SYN,5m,2024-01-01T00:02:01Z,110.54586546588415,110.54586546588415,110.48732784534305,110.48732784534305,840.0019586898593,-0.0005295324279601194,0.004439417005274826,93.77684032336325,0.2132612207963039,0.028057481416149076,-1.529253408188862,0
SYN,5m,2024-01-01T00:02:02Z,110.48732784534305,110.48732784534305,110.34254167919534,110.34254167919534,850.9081843070838,-0.0013104323271387107,0.0012388579712844375,88.7267853435319,0.20946514395963536,0.02573186507099331,-1.4548232217089057,0
SYN,5m,2024-01-01T00:02:03Z,110.34254167919534,110.34254167919534,110.26610962698906,110.26610962698906,863.4586639564131,-0.0006926798226969134,-0.0019555441758232245,85.15956274672631,0.19590317396533813,0.024073931941938968,-1.369171725627881,0
SYN,5m,2024-01-01T00:02:04Z,110.26610962698906,110.26610962698906,110.10331976401022,110.10331976401022,877.6323338064053,-0.001476336324275247,-0.005148587459632198,79.06650166734758,0.19442873005914812,0.021743516140058188,-1.2724426713183739,0
SYN,5m,2024-01-01T00:02:05Z,110.10331976401022,110.10331976401022,110.00847033791368,110.00847033791368,893.3947244668666,-0.0008614583674664855,-0.004861286541162562,74.08612627938957,0.1832057008685106,0.020080452019630362,-1.1648712971873283,0
SYN,5m,2024-01-01T00:02:06Z,110.00847033791368,110.00847033791368,109.82716566196443,109.82716566196443,910.6982456637064,-0.0016480974182472923,-0.0059750036158236425,67.17974418843609,0.18411199569964815,0.01773875235799878,-1.0467823858955392,0
SYN,5m,2024-01-01T00:02:07Z,109.82716566196443,109.82716566196443,109.71335180369212,109.71335180369212,929.4825792761887,-0.001036299694946284,-0.005702151372699859,60.89102915039041,0.1752937696499097,0.01606410174313945,-0.9185875820515151,0
SYN,5m,2024-01-01T00:02:08Z,109.71335180369212,109.71335180369212,109.66660228529064,109.66660228529064,949.6751774905758,-0.0004261060083656148,-0.005436913877949038,54.136239726335255,0.15675740532168955,0.015031145861641065,-0.7807819925322568,0
SYN,5m,2024-01-01T00:02:09Z,109.66660228529064,109.66660228529064,109.53307753595162,109.53307753595162,971.191861956023,-0.0012175516206078944,-0.005179155626559047,45.85880562712943,0.1504073259314822,0.013288063566283275,-0.633940097508159,0
SYN,5m,2024-01-01T00:02:10Z,109.53307753595162,109.53307753595162,109.46618939614196,109.46618939614196,863.9375189944375,-0.0006106661230960901,-0.004929447160804929,35.83769287305904,0.13436244863383504,0.012187687209975961,-1.3659037508923568,0
SYN,5m,2024-01-01T00:02:11Z,109.46618939614196,109.46618939614196,109.31233758594784,109.31233758594784,887.8068851227152,-0.0014054733342123132,-0.00468762052551886,25.554751537722808,0.13056503131806657,0.01037396228643066,-1.203005839695634,0
SYN,5m,2024-01-01T00:02:12Z,109.31233758594784,109.31233758594784,109.22467005130474,109.22467005130474,912.685416399913,-0.0008019912169033383,-0.0044541684704134015,11.64843559396705,0.11710197711308622,0.009203981167092614,-1.0332208208175366,0
SYN,5m,2024-01-01T00:02:13Z,109.22467005130474,109.22467005130474,109.0498852591371,109.0498852591371,938.4502344196068,-0.0016002318165442197,-0.0056235628103913325,0.0,0.11594605674178078,0.007317272433665967,-0.8573872852633764,0
SYN,5m,2024-01-01T00:02:14Z,109.0498852591371,109.0498852591371,108.94081343093963,108.94081343093963,964.9711411347089,-0.001000201219270267,-0.005407171224761721,0.0,0.11464657392460863,0.006075419573543241,-0.6763937773622518,0
SYN,5m,2024-01-01T00:02:15Z,108.94081343093963,108.94081343093963,108.89703016912327,108.89703016912327,992.1116941335329,-0.000401899530923859,-0.005199406594478084,0.0,0.11359269115855548,0.005453220707400149,-0.4911714564814847,0
SYN,5m,2024-01-01T00:02:16Z,108.89703016912327,108.89703016912327,108.76577430525107,108.76577430525107,1019.7303334866417,-0.0012053208766882836,-0.005000014570789256,0.0,0.11262624099601888,0.004086240754914144,-0.3026864067931687,0
SYN,5m,2024-01-01T00:02:17Z,108.76577430525107,108.76577430525107,108.69937786619408,108.69937786619408,1047.6815508581174,-0.0006104534214103582,-0.004809281500817708,0.0,0.1119094114853557,0.0033415217912863534,-0.11193165860466023,0
SYN,5m,2024-01-01T00:02:18Z,108.69937786619408,108.69937786619408,108.54532047600583,108.54532047600583,1075.817091225815,-0.0014172794105399304,-0.004626917139181451,0.0,0.11128566342888543,0.0018514058546252228,0.08008101285289136,0
SYN,5m,2024-01-01T00:02:19Z,108.54532047600583,108.54532047600583,108.45568643885635,108.45568643885635,1103.9871772858805,-0.0008257752315475815,-0.004453124378319563,0.0,0.11091313564695225,0.0009862242138580703,0.27232944344612164,0
SYN,5m,2024-01-01T00:02:20Z,108.45568643885635,108.45568643885635,108.27826253464737,108.27826253464737,1132.0417464294417,-0.0016359114956042856,-0.00568213507305865,0.0,0.11063593766550436,-0.0006252321736289366,0.4637895219605687,0
SYN,5m,2024-01-01T00:02:21Z,108.27826253464737,108.27826253464737,108.164824472991,108.164824472991,1159.8316900755717,-0.0010476531392445373,-0.00552517403658163,0.0,0.11060909505007999,-0.0016089676072352504,0.6534436480023252,0
SYN,5m,2024-01-01T00:02:22Z,108.164824472991,108.164824472991,108.11496486464581,108.11496486464581,1187.2100851251496,-0.00046095954565744494,-0.005376415330248409,0.0,0.11083124433177309,-0.0019896706967541702,0.8402891361282693,0
SYN,5m,2024-01-01T00:02:23Z,108.11496486464581,108.11496486464581,107.97703344823174,107.97703344823174,1084.0334073653282,-0.0012757846851891353,-0.005235481596829514,0.0,0.11114600626570592,-0.0031414060658905003,0.1361537518467027,0
SYN,5m,2024-01-01T00:02:24Z,107.97703344823174,107.97703344823174,107.90230499720683,107.90230499720683,1110.1627168033679,-0.0006920772745691134,-0.005102373695836577,0.0,0.11170602849536644,-0.0036857014506565334,0.3144747808005027,0
SYN,5m,2024-01-01T00:02:25Z,107.90230499720683,107.90230499720683,107.73939615219592,107.73939615219592,1135.4648051404429,-0.0015097809543097418,-0.004976681097732025,0.0,0.11235295955370869,-0.004999285823449743,0.48715039006779715,0
SYN,5m,2024-01-01T00:02:26Z,107.73939615219592,107.73939615219592,107.63932408580047,107.63932408580047,1159.81329590869,-0.000928834483665478,-0.0048583297735739555,0.0,0.11323899753601958,-0.005700940230829548,0.6533181159145798,0
SYN,5m,2024-01-01T00:02:27Z,107.63932408580047,107.63932408580047,107.45104439912595,107.45104439912595,1183.0896881857166,-0.0017491719524775145,-0.00614087482108567,0.0,0.11420291857222509,-0.007170493347064834,0.8121692417361077,0
SYN,5m,2024-01-01T00:02:28Z,107.45104439912595,107.45104439912595,107.32524898908846,107.32524898908846,1205.1843352667736,-0.001170723009170737,-0.006036324932521526,0.0,0.11539746013222592,-0.008023503132192739,0.9629554770634489,0
SYN,5m,2024-01-01T00:02:29Z,107.32524898908846,107.32524898908846,107.26156077993592,107.26156077993592,1225.9973502119547,-0.0005934131041151377,-0.005938188413004645,0.0,0.11681924208481068,-0.008283913735495156,1.1049951375242941,0
SYN,5m,2024-01-01T00:02:30Z,107.26156077993592,107.26156077993592,107.10955358449749,107.10955358449749,1245.4394307897196,-0.001417163747507796,-0.005845981973100143,0.0,0.1183014800538272,-0.009333870695077795,1.237678774719179,0
SYN,5m,2024-01-01T00:02:31Z,107.10955358449749,107.10955358449749,107.01937882457077,107.01937882457077,1263.4325970037162,-0.000841892780886137,-0.005759468172947066,0.0,0.11999993154452275,-0.009784951808175553,1.3604742095172195,0
SYN,5m,2024-01-01T00:02:32Z,107.01937882457077,107.01937882457077,106.84092244133421,106.84092244133421,1279.9108351118384,-0.0016675146613313976,-0.0056781389255318995,0.0,0.12174271676225804,-0.011021729032123747,1.472930927202543,0
SYN,5m,2024-01-01T00:02:33Z,106.84092244133421,106.84092244133421,106.72404480171966,106.72404480171966,1294.8206428187093,-0.0010939407573791243,-0.005601703168934002,0.0,0.12368868836690641,-0.01165329349674595,1.5746837981728667,0
SYN,5m,2024-01-01T00:02:34Z,106.72404480171966,106.72404480171966,106.51901941048622,106.51901941048622,1308.1214711389741,-0.0019210796556141255,-0.006922716433085828,0.0,0.1256602231543675,-0.013067147825288089,1.6654560934618698,1
SYN,5m,2024-01-01T00:02:35Z,106.51901941048622,106.51901941048622,106.37534256510386,106.37534256510386,1319.7860592821476,-0.0013488374768892654,-0.006854766870206548,0.0,0.1278201362776526,-0.013869360057855837,1.7450617701807813,1
SYN,5m,2024-01-01T00:02:36Z,106.37534256510386,106.37534256510386,106.29267635025126,106.29267635025126,1199.8006597932845,-0.0007771182010719719,-0.006790382099962858,0.0,0.13016346531389697,-0.014083050757569545,0.926214263053855,1
SYN,5m,2024-01-01T00:02:37Z,106.29267635025126,106.29267635025126,106.1219890196289,106.1219890196289,1208.1651520900837,-0.0016058239991992977,-0.006729007998785094,0.0,0.1325031734716313,-0.015097869287145328,0.9832982390608869,1
SYN,5m,2024-01-01T00:02:38Z,106.1219890196289,106.1219890196289,106.01216808799211,106.01216808799211,1214.8930434587496,-0.0010348555718879043,-0.006670256126912441,0.0,0.1350097792296227,-0.015516125931582886,1.0292131345308497,1
SYN,5m,2024-01-01T00:02:39Z,106.01216808799211,106.01216808799211,105.81454948106708,105.81454948106708,1220.011357500387,-0.0018641124928320115,-0.006613560031982384,0.0,0.1374890479377748,-0.0167298467633416,1.0641433736394552,1
SYN,5m,2024-01-01T00:02:40Z,105.81454948106708,106.04802996634496,105.81454948106708,106.04802996634496,1223.5604109492256,0.0022065064438010562,-0.0030769592921271803,11.343612675171443,0.14701822071509088,-0.013923076204548699,1.0883641003413853,1
SYN,5m,2024-01-01T00:02:41Z,106.04802996634496,106.19406901311719,106.04802996634496,106.19406901311719,1225.5934807058782,0.0013771028732789945,-0.0009276964370446614,18.825238679692717,0.14400103215064167,-0.01203739764222234,1.1022389060189266,1
SYN,5m,2024-01-01T00:02:42Z,106.19406901311719,106.40091153849511,106.19406901311719,106.40091153849511,1226.1763638355364,0.0019477785087260674,0.002628319742618272,27.961127469444122,0.1497901118178159,-0.009675102837551108,1.1062168266634407,1
SYN,5m,2024-01-01T00:02:43Z,106.40091153849511,106.6688965759067,106.40091153849511,106.6688965759067,1225.3868341649688,0.00251863478927656,0.0061948406466840154,37.12360044290657,0.16438274240774778,-0.006858548064700266,1.1008286343892044,1
SYN,5m,2024-01-01T00:02:44Z,106.6688965759067,106.84914274705811,106.6688965759067,106.84914274705811,1223.3139999661742,0.0016897725291753138,0.009777419750543376,44.410818778009414,0.16639981210153212,-0.004957701068626845,1.0866824539072366,1
SYN,5m,2024-01-01T00:02:45Z,106.84914274705811,107.09075981271128,106.84914274705811,107.09075981271128,1220.0575680314234,0.0022612915690409297,0.009832618736031635,51.43852975942964,0.17721711965342127,-0.002584822912323463,1.0644587401615768,1
SYN,5m,2024-01-01T00:02:46Z,107.09075981271128,107.24425197394521,107.09075981271128,107.24425197394521,1215.7270202175384,0.0014332904304943455,0.009889280734673657,58.21085386636817,0.17543396093894817,-0.001104790859120742,1.0349046586066553,1
SYN,5m,2024-01-01T00:02:47Z,107.24425197394521,107.45936957003198,107.24425197394521,107.45936957003198,1210.4407092601318,0.002005865975353465,0.009947828606279654,64.39377387662631,0.18245110068696338,0.0008640057574134032,0.9988279145377077,1
SYN,5m,2024-01-01T00:02:48Z,107.45936957003198,107.58607631724692,107.45936957003198,107.58607631724692,1204.3248813252758,0.0011791130705672307,0.008598380322492093,71.5480270730999,0.17685691182849947,0.001960684652100348,0.9570900824364034,1
SYN,5m,2024-01-01T00:02:49Z,107.58607631724692,107.7746880776823,107.58607631724692,107.7746880776823,1067.5126333711275,0.0017531242600502062,0.008662168987309654,77.75453066257847,0.18006654861800087,0.0035619248501009143,0.023406745472696056,1
SYN,5m,2024-01-01T00:02:50Z,107.7746880776823,108.0255864139174,107.7746880776823,108.0255864139174,1060.1428139304157,0.002327989444555409,0.008729292824525755,82.22024003065745,0.19208312871674998,0.005645793914853426,-0.026889026368798384,1
SYN,5m,2024-01-01T00:02:51Z,108.0255864139174,108.18803481228753,108.0255864139174,108.18803481228753,1052.3588763919852,0.0015037955706871508,0.008800311634152715,88.53233292633108,0.1914946335558767,0.006858899045280048,-0.08001097183989868,1
SYN,5m,2024-01-01T00:02:52Z,108.18803481228753,108.41313368612356,108.18803481228753,108.41313368612356,1044.3076942518778,0.0020806263301352272,0.00887557892725215,92.93260824721824,0.19972877228439398,0.008571122449802036,-0.13495674401665145,1
SYN,5m,2024-01-01T00:02:53Z,108.41313368612356,108.54957832240629,108.41313368612356,108.54957832240629,1036.1383481185303,0.00125856187016755,0.008955638481676952,100.0,0.19535920295280107,0.009432335325912325,-0.1907089334050738,1
SYN,5m,2024-01-01T00:02:54Z,108.54957832240629,108.74905755045198,108.54957832240629,108.74905755045198,1028.0008944899275,0.00183767851638456,0.00904080067545517,100.0,0.19293054172193028,0.01080819053559972,-0.24624347049482048,1
SYN,5m,2024-01-01T00:02:55Z,108.74905755045198,108.85976936631282,108.74905755045198,108.85976936631282,1020.0451264711115,0.0010180485086914532,0.007722086776730071,100.0,0.19040716808540228,0.01135090918795189,-0.300538083316377,1
SYN,5m,2024-01-01T00:02:56Z,108.85976936631282,109.03391666669708,108.85976936631282,109.03391666669708,1012.419336666987,0.0015997397514067632,0.007818626670474315,100.0,0.18807179487156947,0.01242290693544881,-0.3525807401528109,1
SYN,5m,2024-01-01T00:02:57Z,109.03391666669708,109.27191759856747,109.03391666669708,109.27191759856747,1005.2690924674224,0.0021828155783665663,0.007921401063179786,100.0,0.1859300730471978,0.014002384458969765,-0.40137800767956233,1
SYN,5m,2024-01-01T00:02:58Z,109.27191759856747,109.42132886507878,109.27191759856747,109.42132886507878,998.7360338392764,0.0013673345338387896,0.00803089755064064,100.0,0.1837275798586191,0.014746821076936237,-0.445963255504386,1
SYN,5m,2024-01-01T00:02:59Z,109.42132886507878,109.6350670364198,109.42132886507878,109.6350670364198,992.9567035541237,0.0019533501700072487,0.008147284270089162,100.0,0.1817362302648939,0.01601398165680087,-0.48540463934792344,1
SYN,5m,2024-01-01T00:03:00Z,109.6350670364198,109.76015087522734,109.6350670364198,109.76015087522734,988.0614195125514,0.0011409108617226372,0.008271021646984567,100.0,0.17970706437729486,0.01646336839961644,-0.5188127969337282,1
SYN,5m,2024-01-01T00:03:01Z,109.76015087522734,109.95004248224515,109.76015087522734,109.95004248224515,984.1731984782544,0.0017300596391642837,0.008402209546856432,100.0,0.1779052080152265,0.017449771127813134,-0.5453481930290512,1
SYN,5m,2024-01-01T00:03:02Z,109.95004248224515,110.05128822395116,109.95004248224515,110.05128822395116,851.4067401105576,0.0009208340389896471,0.0071323963421861735,100.0,0.17608656476458862,0.017633951335277193,-1.4514207979258682,1
SYN,5m,2024-01-01T00:03:03Z,110.05128822395116,110.2178250938689,110.05128822395116,110.2178250938689,849.8674796860136,0.0015132659744867074,0.00727916793783626,100.0,0.17450978687047122,0.018368549541692206,-1.4619255723969824,1
SYN,5m,2024-01-01T00:03:04Z,110.2178250938689,110.450096113239,110.2178250938689,110.450096113239,849.6507173324273,0.0021073816251798217,0.007434018137175538,100.0,0.1731792642372574,0.019631582238371203,-1.4634048799929829,1
SYN,5m,2024-01-01T00:03:05Z,110.450096113239,110.59403482718926,110.450096113239,110.59403482718926,850.840830966774,0.001303201346268541,0.007597328769253076,100.0,0.17185714392155255,0.02008763344840639,-1.4552828785925294,1
SYN,5m,2024-01-01T00:03:06Z,110.59403482718926,110.80424528851175,110.59403482718926,110.80424528851175,853.510579437169,0.0019007395982157426,0.007769008424026182,100.0,0.17079368588487093,0.021086004903051413,-1.437063021101937,1
SYN,5m,2024-01-01T00:03:07Z,110.80424528851175,110.92613050090699,110.80424528851175,110.92613050090699,857.7205016240887,0.0011000048967246454,0.007949405146221944,100.0,0.16975372703576447,0.02129254829239939,-1.408332156324698,1
SYN,5m,2024-01-01T00:03:08Z,110.92613050090699,111.11481582484934,110.92613050090699,111.11481582484934,863.5184164635205,0.0017009997832819815,0.00813834541025021,100.0,0.16898273388552607,0.02205432590442364,-1.3687639410832795,1
SYN,5m,2024-01-01T00:03:09Z,111.11481582484934,111.21523259691693,111.11481582484934,111.21523259691693,870.9390280212467,0.00090372081636599,0.006927440632495952,100.0,0.1682473736145797,0.022037815130830637,-1.3181215354132014,1
SYN,5m,2024-01-01T00:03:10Z,111.21523259691693,111.38296280455752,111.21523259691693,111.38296280455752,880.0036388798566,0.0015081585833525268,0.007133549097842521,100.0,0.16778900984717435,0.022588535102879184,-1.2562595585704497,1
SYN,5m,2024-01-01T00:03:11Z,111.38296280455752,111.61845955031818,111.38296280455752,111.61845955031818,890.71997420556,0.0021142977330732334,0.007348222621672828,100.0,0.1676101394107649,0.023684019225208065,-1.1831252896979862,1
SYN,5m,2024-01-01T00:03:12Z,111.61845955031818,111.76603221643148,111.61845955031818,111.76603221643148,903.0821179477975,0.0013221170289201016,0.0075717210339147556,100.0,0.16747881081090757,0.023993780873567457,-1.0987591032353115,1
SYN,5m,2024-01-01T00:03:13Z,111.76603221643148,111.98191830203403,111.76603221643148,111.98191830203403,917.0705616985563,0.0019315894223075902,0.007803662101654418,100.0,0.16763223325815954,0.02486066850348875,-1.0032941354751532,1
SYN,5m,2024-01-01T00:03:14Z,111.98191830203403,112.10987804077917,111.98191830203403,112.10987804077917,932.652365807875,0.0011426821462372553,0.008044270761944458,100.0,0.1678376546822733,0.024955095666284743,-0.8969551850211024,0
SYN,5m,2024-01-01T00:03:15Z,112.10987804077917,112.30667088075695,112.10987804077917,112.30667088075695,819.7814314249237,0.0017553568286481141,0.008293082289615986,100.0,0.16833059989370014,0.025618015012053602,-1.667249601177505,0
SYN,5m,2024-01-01T00:03:16Z,112.30667088075695,112.41556001754495,112.30667088075695,112.41556001754495,838.3988812179284,0.0009695696251526169,0.007141296076276994,100.0,0.1688765566852705,0.025520190657586768,-1.5401937059018664,0
SYN,5m,2024-01-01T00:03:17Z,112.41556001754495,112.5937691864623,112.41556001754495,112.5937691864623,858.4335456286672,0.001585271370702907,0.007405979738351324,100.0,0.1697102923281,0.026001283642502565,-1.4034659450347562,0
SYN,5m,2024-01-01T00:03:18Z,112.5937691864623,112.8417465762825,112.5937691864623,112.8417465762825,879.8025506456647,0.0022024077496645565,0.007678277772750508,100.0,0.17083217593167888,0.027038115324022845,-1.2576318972048335,0
SYN,5m,2024-01-01T00:03:19Z,112.8417465762825,113.00208561256797,112.8417465762825,113.00208561256797,902.4120022418108,0.0014209194837043104,0.007958331481408516,100.0,0.1720036275270504,0.027304197161298543,-1.1033323477939943,0
SYN,5m,2024-01-01T00:03:20Z,113.00208561256797,113.00208561256797,112.83718647578598,112.83718647578598,926.1577618237766,-0.001459257463152904,0.004723811959418792,93.02084975871678,0.16876710434558564,0.02486770102947817,-0.9412779968366282,0
SYN,5m,2024-01-01T00:03:21Z,112.83718647578598,112.83718647578598,112.58463522573835,112.58463522573835,950.926306288975,-0.002238191663010196,0.0015040196229687162,83.25782199957759,0.17810039274932774,0.021790849724790434,-0.7722435895096548,0
SYN,5m,2024-01-01T00:03:22Z,112.58463522573835,112.58463522573835,112.40270341041311,112.40270341041311,976.595665587052,-0.001615955986893409,-0.001696948040994782,75.89601582385667,0.1776179992766771,0.019415095374055835,-0.5970615176882678,0
SYN,5m,2024-01-01T00:03:23Z,112.40270341041311,112.40270341041311,112.13376562771869,112.13376562771869,1003.0364300427948,-0.0023926273526754666,-0.006274104841909821,67.29704675794525,0.18965521432145088,0.016394145336391552,-0.41661494541074,0
SYN,5m,2024-01-01T00:03:24Z,112.13376562771869,112.13376562771869,111.93548100836249,111.93548100836249,1030.1128191212124,-0.0017682864590002367,-0.0094388045886372,60.286192881895936,0.19183767230113752,0.014077188285586488,-0.2318305150274506,0
SYN,5m,2024-01-01T00:03:25Z,111.93548100836249,111.93548100836249,111.80753679401285,111.80753679401285,1057.6838028080947,-0.0011430175061299928,-0.009125091771001325,53.666881659238705,0.18415534862892205,0.012441168869763184,-0.04367069427245751,0
SYN,5m,2024-01-01T00:03:26Z,111.80753679401285,111.80753679401285,111.59321204292976,111.59321204292976,1085.6042663448343,-0.0019169079046785695,-0.008806025625261664,46.73298779629816,0.1889233546981919,0.01013096497565064,0.1468741725386876,0
SYN,5m,2024-01-01T00:03:27Z,111.59321204292976,111.59321204292976,111.44925144590646,111.44925144590646,1113.7262086982144,-0.0012900479732398725,-0.008482464705722784,39.64892051464775,0.18378581979967482,0.008505186473437287,0.3387940435374068,0
SYN,5m,2024-01-01T00:03:28Z,111.44925144590646,111.44925144590646,111.21938395155937,111.21938395155937,1011.8999648672896,-0.002062530625956331,-0.008154383035659815,33.354685865573714,0.19106494519981457,0.006202796133984401,-0.3561252239422216,0
SYN,5m,2024-01-01T00:03:29Z,111.21938395155937,111.21938395155937,111.0598451893462,111.0598451893462,1039.9754419325905,-0.0014344510511103475,-0.007822683309422365,26.36488437406716,0.1884039396451982,0.004587932322397719,-0.16452245807023988,0
SYN,5m,2024-01-01T00:03:30Z,111.0598451893462,111.0598451893462,110.81485756807605,110.81485756807605,1067.8033586394195,-0.0022059063818473308,-0.008878464318247585,21.145554769802445,0.1981252599653526,0.0022936727860045597,0.025390817386560308,0
SYN,5m,2024-01-01T00:03:31Z,110.81485756807605,110.81485756807605,110.64010305185307,110.64010305185307,1095.2364782777836,-0.0015769953601719872,-0.008540922638825287,14.739074303827778,0.19787849905861168,0.0006896600193916375,0.21260977672897793,0
SYN,5m,2024-01-01T00:03:32Z,110.64010305185307,110.64010305185307,110.53523637116999,110.53523637116999,1122.1308246768995,-0.0009478179953785902,-0.008201177332986389,6.103066066770239,0.18765630554881746,-0.000248269448041915,0.39615184600189934,0
SYN,5m,2024-01-01T00:03:33Z,110.53523637116999,110.53523637116999,110.34528430673946,110.34528430673946,1148.3468712716508,-0.0017184752180986155,-0.007859238324864428,0.0,0.1897715218448935,-0.0018928702749896702,0.5750648178491782,0
SYN,5m,2024-01-01T00:03:34Z,110.34528430673946,110.34528430673946,110.22511073003908,110.22511073003908,1173.7506934207588,-0.0010890685311600702,-0.007516078001765513,0.0,0.18657683898192193,-0.0028681236126080227,0.7484347155776405,0
SYN,5m,2024-01-01T00:03:35Z,110.22511073003908,110.22511073003908,110.02012512925988,110.02012512925988,1198.215074459941,-0.0018596996584674989,-0.007171713759844405,0.0,0.18317929260560512,-0.004550881710077667,0.9153933414827613,0
SYN,5m,2024-01-01T00:03:36Z,110.02012512925988,110.02012512925988,109.88474864464519,109.88474864464519,1221.6205563554104,-0.001230470193118263,-0.006827130365685592,0.0,0.17985391184056607,-0.005561475450489292,1.075125447096065,0
SYN,5m,2024-01-01T00:03:37Z,109.88474864464519,109.88474864464519,109.66481638101475,109.66481638101475,1243.8564262806142,-0.0020014812459705046,-0.007874592923766218,0.0,0.1763535176217102,-0.007280942829870722,1.2268754661368548,0
SYN,5m,2024-01-01T00:03:38Z,109.66481638101475,109.66481638101475,109.51426489163335,109.51426489163335,1264.8216309682912,-0.0013728330958794465,-0.007531082278024972,0.0,0.1729440083377958,-0.008325842155618338,1.369953754562302,0
SYN,5m,2024-01-01T00:03:39Z,109.51426489163335,109.51426489163335,109.4327178493528,109.4327178493528,1284.4256112864257,-0.0007446248428114825,-0.007188859919832517,0.0,0.16962992461857493,-0.008721256474487587,1.5037422861807657,0
SYN,5m,2024-01-01T00:03:40Z,109.4327178493528,109.4327178493528,109.26671344316317,109.26671344316317,1302.5890501455256,-0.0015169540650370535,-0.006847944275754524,0.0,0.16617847141189962,-0.009851656597517286,1.627699756789569,0
SYN,5m,2024-01-01T00:03:41Z,109.26671344316317,109.26671344316317,109.1694751939813,109.1694751939813,1189.244527560429,-0.0008899164815865965,-0.0065093059727242015,0.0,0.16284116085179687,-0.010329527335762154,0.8541733097328793,0
SYN,5m,2024-01-01T00:03:42Z,109.1694751939813,109.1694751939813,108.98786024139183,108.98786024139183,1204.33707745663,-0.001663605621138709,-0.006172956486526444,0.0,0.1593945507262526,-0.011542015379078495,0.9571733156614329,0
SYN,5m,2024-01-01T00:03:43Z,108.98786024139183,108.98786024139183,108.87471858149223,108.87471858149223,1217.8246416225863,-0.0010381124984838223,-0.005839844798063141,0.0,0.15608047198956956,-0.012099350015897618,1.0492200008544343,0
SYN,5m,2024-01-01T00:03:44Z,108.87471858149223,108.87471858149223,108.67727152484844,108.67727152484844,1229.678417058928,-0.0018135252996866079,-0.006903294913540612,0.0,0.152684717373401,-0.013391558291796248,1.1301167975266972,0
SYN,5m,2024-01-01T00:03:45Z,108.67727152484844,108.67727152484844,108.54795327944873,108.54795327944873,1239.8830938558767,-0.0011899290770300032,-0.006578034069710626,0.0,0.1494392694574529,-0.0140263547020594,1.1997592222868283,0
SYN,5m,2024-01-01T00:03:46Z,108.54795327944873,108.54795327944873,108.48636257865029,108.48636257865029,1248.4369816343105,-0.0005674054548028813,-0.006257359157559397,0.0,0.14634812803712144,-0.014029416204267332,1.2581357390418035,0
SYN,5m,2024-01-01T00:03:47Z,108.48636257865029,108.48636257865029,108.34033642541712,108.34033642541712,1255.3520235062194,-0.0013460323469440675,-0.005941247167717023,0.0,0.14321056295159554,-0.014792400834509471,1.3053278542709275,0
SYN,5m,2024-01-01T00:03:48Z,108.34033642541712,108.34033642541712,108.26169394250533,108.26169394250533,1260.6536974392604,-0.000725883687521384,-0.005630550847560207,0.0,0.14024405625241038,-0.014920554932130332,1.3415094438823651,0
SYN,5m,2024-01-01T00:03:49Z,108.26169394250533,108.26169394250533,108.0985404112014,108.0985404112014,1264.3808058400161,-0.0015070291749783608,-0.005325226751894616,0.0,0.13725605128989166,-0.01580718701452145,1.3669453172115522,0
SYN,5m,2024-01-01T00:03:50Z,108.0985404112014,108.0985404112014,108.00238308080066,108.00238308080066,1266.5851550937416,-0.0008895340310328465,-0.005026075408750901,0.0,0.13445468313175216,-0.01605623023442248,1.3819890300211073,0
SYN,5m,2024-01-01T00:03:51Z,108.00238308080066,108.00238308080066,107.82164554510653,107.82164554510653,1267.3311277072112,-0.0016734587750615113,-0.006127194402539274,0.0,0.13165505970772934,-0.01706296124977541,1.3870799645641991,0
SYN,5m,2024-01-01T00:03:52Z,107.82164554510653,107.82164554510653,107.70747762373593,107.70747762373593,1266.695150588234,-0.0010588590147499364,-0.005841395943207755,0.0,0.12905623342124425,-0.017429616152495355,1.382739700826421,1
SYN,5m,2024-01-01T00:03:53Z,107.70747762373593,107.70747762373593,107.6594632184943,107.6594632184943,1264.7650638532014,-0.0004457852537347841,-0.005562731397227757,0.0,0.12666104506132164,-0.017182064783761743,1.3695677089152982,1
SYN,5m,2024-01-01T00:03:54Z,107.6594632184943,107.6594632184943,107.52658100373294,107.52658100373294,1131.6393953755442,-0.0012342827169003106,-0.0052910927871250655,0.0,0.12429517424501617,-0.01771600435273885,0.46104365322256063,1
SYN,5m,2024-01-01T00:03:55Z,107.52658100373294,107.52658100373294,107.45944235344007,107.45944235344007,1127.426547066427,-0.0006243911939369174,-0.005027118030853014,0.0,0.12214520289580223,-0.017632173722769328,0.43229281895005695,1
SYN,5m,2024-01-01T00:03:56Z,107.45944235344007,107.45944235344007,107.30726421201179,107.30726421201179,1122.2438996080173,-0.0014161449016993552,-0.004770668547064219,0.0,0.12004257352714578,-0.018327279821115372,0.39692353260592617,1
SYN,5m,2024-01-01T00:03:57Z,107.30726421201179,107.30726421201179,107.22039121625143,107.22039121625143,1116.2168430331221,-0.0008095723658439398,-0.00452230818352352,0.0,0.11816624037434309,-0.018401284566795136,0.35579152593936575,1
SYN,5m,2024-01-01T00:03:58Z,107.22039121625143,107.22039121625143,107.04833504880695,107.04833504880695,1109.4777411574244,-0.0016046963221525937,-0.005676492817422527,0.0,0.11635260543153489,-0.01925232675673236,0.309800123696281,1
SYN,5m,2024-01-01T00:03:59Z,107.04833504880695,107.04833504880695,106.9411225403761,106.9411225403761,1102.1648384168238,-0.0010015336378839182,-0.005444778936442874,0.0,0.1147736242194739,-0.019479100333753333,0.25989278326559623,1
SYN,5m,2024-01-01T00:04:00Z,106.9411225403761,107.27262983374285,106.9411225403761,107.27262983374285,1094.421118138082,0.003099904746572985,-0.0017384467628519444,17.663927784935254,0.13405338083149587,-0.015688242135343883,0.20704530287924666,1
SYN,5m,2024-01-01T00:04:01Z,107.27262983374285,107.5193154596292,107.27262983374285,107.5193154596292,1086.3931216720378,0.002299613855544236,0.001976112700054031,29.23995800952538,0.1412433431638657,-0.012834070626896357,0.15225776271646008,1
SYN,5m,2024-01-01T00:04:02Z,107.5193154596292,107.8308628577455,107.5193154596292,107.8308628577455,1078.2297381419194,0.002897594695283209,0.005693615128327783,40.25406504975786,0.15787940853561672,-0.009519227346143452,0.09654626546900626,1
SYN,5m,2024-01-01T00:04:03Z,107.8308628577455,108.05664496827406,107.8308628577455,108.05664496827406,1070.0809748019271,0.002093854250488712,0.00941920226043111,49.078386639744245,0.16235287848023258,-0.0071192752690818545,0.04093454458008874,1
SYN,5m,2024-01-01T00:04:04Z,108.05664496827406,108.34714504261171,108.05664496827406,108.34714504261171,1062.0967181614365,0.0026884054601449985,0.013147631788742117,56.98667230005651,0.17623450304715504,-0.004245696056126955,-0.013554490537340227,1
SYN,5m,2024-01-01T00:04:05Z,108.34714504261171,108.55097496984288,108.34714504261171,108.55097496984288,1054.425496106402,0.0018812671727621894,0.011916787516827732,64.64296135276189,0.17788395958551564,-0.0022674405206386545,-0.06590720247680452,1
SYN,5m,2024-01-01T00:04:06Z,108.55097496984288,108.81936335643233,108.55097496984288,108.81936335643233,1047.2132512413204,0.002472464081174881,0.0120912962591477,71.02184558597246,0.18889970710114717,0.0001964975876797969,-0.11512759723916251,1
SYN,5m,2024-01-01T00:04:07Z,108.81936335643233,109.15257114566475,108.81936335643233,109.15257114566475,910.6021355824479,0.003062026637125349,0.012257235571442076,75.48149001067792,0.2092706631004891,0.003121181819217498,-1.0474382948709944,1
SYN,5m,2024-01-01T00:04:08Z,109.15257114566475,109.39816344246684,109.15257114566475,109.39816344246684,904.7293365566244,0.002249990945924149,0.012414955827905428,80.75731847290898,0.2173213832462559,0.005148953440435685,-1.087517561703784,1
SYN,5m,2024-01-01T00:04:09Z,109.39816344246684,109.7084602446436,109.39816344246684,109.7084602446436,899.725944001513,0.0028363986415544545,0.012564384612963261,84.22477661381657,0.23468982266653374,0.007650501148885393,-1.1216635122809682,1
SYN,5m,2024-01-01T00:04:10Z,109.7084602446436,109.93021359797737,109.7084602446436,109.93021359797737,895.7158675244373,0.0020212967426511126,0.012705907326190861,89.08744337031561,0.23965948065978285,0.009273766665358767,-1.1490305181052605,1
SYN,5m,2024-01-01T00:04:11Z,109.93021359797737,110.2165529466036,109.93021359797737,110.2165529466036,892.8148131611144,0.0026047374898532593,0.012839531008786017,92.14367603487483,0.2539070772930592,0.01138303065615252,-1.168828936442544,1
SYN,5m,2024-01-01T00:04:12Z,110.2165529466036,110.41348547684046,110.2165529466036,110.41348547684046,891.1293277858163,0.001786778165093514,0.011551851852330758,97.00488200119536,0.255683960349658,0.012630777333069805,-1.1803316318016566,1
SYN,5m,2024-01-01T00:04:13Z,110.41348547684046,110.6748872940858,110.41348547684046,110.6748872940858,890.7559191649659,0.002367480893447318,0.011670432221564712,100.0,0.2666974824078362,0.014376056198868014,-1.182879981181044,1
SYN,5m,2024-01-01T00:04:14Z,110.6748872940858,111.00103649494558,110.6748872940858,111.00103649494558,891.7802589214375,0.0029469124282288993,0.011781919529447462,100.0,0.2663147615144804,0.016594733298273608,-1.1758893134863833,1
SYN,5m,2024-01-01T00:04:15Z,111.00103649494558,111.23692967277522,111.00103649494558,111.23692967277522,894.276474992107,0.002125143920078435,0.011886778275321119,100.0,0.26554387236757293,0.017947623104140203,-1.1588537381961783,1
SYN,5m,2024-01-01T00:04:16Z,111.23692967277522,111.53751974060529,111.23692967277522,111.53751974060529,898.3065394220782,0.0027022506708367024,0.011985194226149113,100.0,0.2647612059185564,0.0197866064329022,-1.131350323396537,1
SYN,5m,2024-01-01T00:04:17Z,111.53751974060529,111.74702198822567,111.53751974060529,111.74702198822567,903.9197565516538,0.0018783118730594172,0.012077659767972074,100.0,0.26359835856797226,0.02077628931561253,-1.093042588679683,1
SYN,5m,2024-01-01T00:04:18Z,111.74702198822567,112.02118328699717,111.74702198822567,112.02118328699717,911.1523558230012,0.002453410336074909,0.012164421630120855,100.0,0.2624313031703898,0.02226410804509441,-1.0436832840591188,1
SYN,5m,2024-01-01T00:04:19Z,112.02118328699717,112.20351257194436,112.02118328699717,112.20351257194436,920.0271925694283,0.0016276321995283792,0.010833016654340272,100.0,0.2608955430072482,0.022917507980715148,-0.9831164319510443,1
SYN,5m,2024-01-01T00:04:20Z,112.20351257194436,112.4504799798419,112.20351257194436,112.4504799798419,800.553559258383,0.0022010666354067006,0.010909599093004221,100.0,0.2593654731006834,0.024080529623994897,-1.7984713603081939,1
SYN,5m,2024-01-01T00:04:21Z,112.4504799798419,112.76239574413775,112.4504799798419,112.76239574413775,812.7271087470775,0.0027738055395740563,0.01098173965479117,100.0,0.2578446141766427,0.025729854368105175,-1.7153922465646168,1
SYN,5m,2024-01-01T00:04:22Z,112.76239574413775,112.9818249629175,112.76239574413775,112.9818249629175,826.5298901845524,0.0019459432138852826,0.011049985518378625,100.0,0.25597582288933296,0.026538829132164075,-1.6211943423225827,1
SYN,5m,2024-01-01T00:04:23Z,112.9818249629175,113.26626529839686,112.9818249629175,113.26626529839686,841.9304972636726,0.0025175760399756145,0.011114701477575008,100.0,0.25412893241094686,0.0278468317861499,-1.5160919817962142,1
SYN,5m,2024-01-01T00:04:24Z,113.26626529839686,113.45754961028582,113.26626529839686,113.45754961028582,858.8843275986752,0.0016888021458554385,0.011176450804402249,100.0,0.25195257230774665,0.0283295308053939,-1.4003895566244053,1
SYN,5m,2024-01-01T00:04:25Z,113.45754961028582,113.71393202528988,113.45754961028582,113.71393202528988,877.3339510861326,0.0022597210664667086,0.011235630525316263,100.0,0.24981279133473425,0.029323410638321647,-1.2744790019694854,1
SYN,5m,2024-01-01T00:04:26Z,113.71393202528988,113.87659223163247,113.71393202528988,113.87659223163247,897.2095842071162,0.0014304333993693753,0.009880922448853238,100.0,0.24736476819942915,0.02950560513511973,-1.1388365596138434,1
SYN,5m,2024-01-01T00:04:27Z,113.87659223163247,114.10446389976514,113.87659223163247,114.10446389976514,918.429666353409,0.0020010404567530286,0.00993645603809378,100.0,0.24496975754852354,0.030210638153609994,-0.9940188447873557,1
SYN,5m,2024-01-01T00:04:28Z,114.10446389976514,114.39789995002484,114.10446389976514,114.39789995002484,940.9015334180244,0.002571643914978371,0.009990924028851099,100.0,0.24263310393423257,0.03141591184110443,-0.8406582492087575,1
SYN,5m,2024-01-01T00:04:29Z,114.39789995002484,114.59722061196302,114.39789995002484,114.59722061196302,964.5221830869925,0.0017423454628560662,0.010044911119549513,100.0,0.24002078137055755,0.03180252250732078,-0.6794577183062601,1
SYN,5m,2024-01-01T00:04:30Z,114.59722061196302,114.86231222571016,114.59722061196302,114.86231222571016,989.1791255120489,0.0023132464498834267,0.010098852268734129,100.0,0.23748517750749037,0.03270224730727805,-0.5111849457510992,1
SYN,5m,2024-01-01T00:04:31Z,114.86231222571016,115.03281930203346,114.86231222571016,115.03281930203346,1014.7513123387091,0.0014844475356568566,0.010153333953383026,100.0,0.2346998081291279,0.03279735419160609,-0.33666603325009675,1
SYN,5m,2024-01-01T00:04:32Z,115.03281930203346,115.26933233939673,115.03281930203346,115.26933233939673,1041.1101364171052,0.0020560483416673576,0.01020878938316442,100.0,0.2320106465999682,0.03341789362915115,-0.15677866795949555,1
SYN,5m,2024-01-01T00:04:33Z,115.26933233939673,115.41090003639948,115.26933233939673,115.41090003639948,938.1204939391886,0.00122814710669033,0.008855058412935718,100.0,0.22909910460393743,0.03324654082876448,-0.8596376188167879,1
SYN,5m,2024-01-01T00:04:34Z,115.41090003639948,115.61873664166355,115.41090003639948,115.61873664166355,965.6419002303595,0.001800840346956081,0.008913968630700658,100.0,0.22630404727297457,0.03361244342650807,-0.6718161419524767,0
SYN,5m,2024-01-01T00:04:35Z,115.61873664166355,115.89324125019574,115.61873664166355,115.89324125019574,993.5296499804454,0.0023742225222799992,0.008975346260310001,100.0,0.22363182186128533,0.034493528833844496,-0.4814945323273245,0
SYN,5m,2024-01-01T00:04:36Z,115.89324125019574,116.07268868875282,115.89324125019574,116.07268868875282,1021.6360123319554,0.0015483857093070428,0.009039762678414838,100.0,0.22077598041680854,0.034574970739102456,-0.28968098797957,0
SYN,5m,2024-01-01T00:04:37Z,116.07268868875282,116.31915967414393,116.07268868875282,116.31915967414393,1049.8114509556362,0.0021234192829979273,0.009107603153769605,100.0,0.21806388398193377,0.03518452597130345,-0.0973960284970602,0
SYN,5m,2024-01-01T00:04:38Z,116.31915967414393,116.47030590775664,116.31915967414393,116.47030590775664,1077.905859037009,0.0012994096074638714,0.009179426475515144,100.0,0.21519687839077253,0.035007703660579134,0.09433593322194767,0
SYN,5m,2024-01-01T00:04:39Z,116.47030590775664,116.68885541796742,116.47030590775664,116.68885541796742,1105.7697989744186,0.001876439737213939,0.009255582679652386,100.0,0.21249452804839564,0.0353713342247036,0.2844950513619851,0
SYN,5m,2024-01-01T00:04:40Z,116.68885541796742,116.68885541796742,116.40350322250325,116.40350322250325,1133.2557365502023,-0.0024454108701475272,0.004402862210108753,90.78800430999809,0.2212582415570797,0.03171226017974572,0.4720744698650329,0
SYN,5m,2024-01-01T00:04:41Z,116.40350322250325,116.40350322250325,116.18628652966645,116.18628652966645,1160.2192593822444,-0.001866066628781731,0.0009786784660277667,83.71961988102547,0.22049717189308943,0.028729365498403603,0.6560886378257523,0
SYN,5m,2024-01-01T00:04:42Z,116.18628652966645,116.18628652966645,116.03693416052757,116.03693416052757,1186.5202695929977,-0.0012854560860824716,-0.0024263028928939406,77.84748332075874,0.21020548038445952,0.026401615788358937,0.8355814489322747,0
SYN,5m,2024-01-01T00:04:43Z,116.03693416052757,116.03693416052757,115.79284905736935,115.79284905736935,1212.0241408460004,-0.002103512169845345,-0.005816562814936078,70.00957241404588,0.21340294047160416,0.023394447314577443,1.0096341377308458,0
SYN,5m,2024-01-01T00:04:44Z,115.79284905736935,115.79284905736935,115.61682396176604,115.61682396176604,1236.6028301941717,-0.001520172420285611,-0.009187093766250999,63.01522002300533,0.2070410463184739,0.02104845747710112,1.1773728675007569,0
SYN,5m,2024-01-01T00:04:45Z,115.61682396176604,115.61682396176604,115.34681483521058,115.34681483521058,1260.135935557396,-0.002335379206098548,-0.009077805719238753,55.236616083141506,0.2141483356207711,0.018021318677201723,1.337975947073118,0
SYN,5m,2024-01-01T00:04:46Z,115.34681483521058,115.34681483521058,115.14506403710584,115.14506403710584,1152.5116900959206,-0.0017490799238190499,-0.008961664269171268,47.90322113983991,0.21166531853087633,0.015661504967361302,0.6034878720409106,0
SYN,5m,2024-01-01T00:04:47Z,115.14506403710584,115.14506403710584,114.85015136947561,114.85015136947561,1173.627885267273,-0.002561227179787681,-0.010227629673584251,41.004011193595154,0.22261853071855292,0.012618861173963842,0.7475966040176921,0
SYN,5m,2024-01-01T00:04:48Z,114.85015136947561,114.85015136947561,114.62369225813059,114.62369225813059,1193.392714943369,-0.0019717789540955677,-0.010096968929916447,34.13150071030323,0.22394870972433573,0.01024975984454094,0.8824828616624113,0
SYN,5m,2024-01-01T00:04:49Z,114.62369225813059,114.62369225813059,114.4654314699748,114.4654314699748,1211.7255336164453,-0.0013806987459397634,-0.009958693314149523,26.3532336215722,0.2156455796974492,0.00853303633357378,1.0075962749027612,0
SYN,5m,2024-01-01T00:04:50Z,114.4654314699748,114.4654314699748,114.21498617675002,114.21498617675002,1228.5575224319748,-0.002187955699887259,-0.009812396294406067,19.940438723386634,0.220716855030857,0.006109621523405756,1.122467185366029,0
SYN,5m,2024-01-01T00:04:51Z,114.21498617675002,114.21498617675002,114.03298177372689,114.03298177372689,1243.8322575479312,-0.0015935247126105953,-0.00965809757177763,12.219046943096018,0.21611209914742954,0.004345920306485126,1.2267105251807706,0
SYN,5m,2024-01-01T00:04:52Z,114.03298177372689,114.03298177372689,113.75960064041845,113.75960064041845,1257.5061761264733,-0.002397386519725472,-0.00949542265337404,6.94291926155033,0.22484316341141003,0.0018766196798057641,1.3200289971648138,0
SYN,5m,2024-01-01T00:04:53Z,113.75960064041845,113.75960064041845,113.55488708082308,113.55488708082308,1269.548936109513,-0.0017995277624299434,-0.00932446997868974,0.0,0.2238548812245956,7.420223390963047e-05,1.4022155301350636,0
SYN,5m,2024-01-01T00:04:54Z,113.55488708082308,113.55488708082308,113.25965107032262,113.25965107032262,1279.9436668068772,-0.0025999410337163636,-0.010534013493571375,0.0,0.224560868012902,-0.0024330159173413706,1.473154989061334,0
SYN,5m,2024-01-01T00:04:55Z,113.25965107032262,113.25965107032262,113.03328751107601,113.03328751107601,1288.6871082274984,-0.0019986249039921447,-0.010346266328354694,0.0,0.22521421561360253,-0.004266377874272131,1.5328251259403671,0
SYN,5m,2024-01-01T00:04:56Z,113.03328751107601,113.03328751107601,112.87554007191962,112.87554007191962,1295.7896380029406,-0.0013955839260265505,-0.010150060831557997,0.0,0.22581386347199636,-0.005447526563148101,1.5812967635370354,0
SYN,5m,2024-01-01T00:04:57Z,112.87554007191962,112.87554007191962,112.62824910832231,112.62824910832231,1301.2751856809007,-0.0021908286192007997,-0.00994510815550614,0.0,0.2260428535033603,-0.007354925222534291,1.6187332104752352,0
SYN,5m,2024-01-01T00:04:58Z,112.62824910832231,112.62824910832231,112.44980367735978,112.44980367735978,1305.1810350965147,-0.0015843754331198283,-0.009731711526222118,0.0,0.22621573460044736,-0.008602369228100098,1.6453889125090946,0
SYN,5m,2024-01-01T00:04:59Z,112.44980367735978,112.44980367735978,112.18259520350055,112.18259520350055,1177.5575164536422,-0.002376246690709219,-0.009509616678523257,0.0,0.22601568797928756,-0.010573206508184317,0.7744146061629049,0
SYN,5m,2024-01-01T00:05:00Z,112.18259520350055,112.18259520350055,111.9844279572266,111.9844279572266,1178.4675906591583,-0.001766470510995722,-0.009279209487263957,0.0,0.22575971999137426,-0.011876748041649211,0.7806254617975239,0
SYN,5m,2024-01-01T00:05:01Z,111.9844279572266,111.9844279572266,111.69829870532688,111.69829870532688,1177.9863293431404,-0.0025550807118380125,-0.01042955245966176,0.0,0.225132333153481,-0.013901393868062991,0.7773410652744744,0
SYN,5m,2024-01-01T00:05:02Z,111.69829870532688,111.69829870532688,111.48136757483798,111.48136757483798,1176.2002948593465,-0.0019421166929425818,-0.010182894101295121,0.0,0.22445176309232956,-0.015251817230198746,0.765152166534065,0
SYN,5m,2024-01-01T00:05:03Z,111.48136757483798,111.48136757483798,111.33336231377737,111.33336231377737,1173.2068253864204,-0.0013276232995728826,-0.009928353159118858,0.0,0.22371922544267367,-0.01595044257054443,0.7447230557755213,0
SYN,5m,2024-01-01T00:05:04Z,111.33336231377737,111.33336231377737,111.09826514494135,111.09826514494135,1169.1132310340104,-0.0021116506674201774,-0.009665760152831335,0.0,0.22262293084347615,-0.017390498513877167,0.7167860772353036,0
SYN,5m,2024-01-01T00:05:05Z,111.09826514494135,111.09826514494135,110.93225611239247,110.93225611239247,1164.0359075929734,-0.0014942540491726492,-0.009395697812878238,0.0,0.22148040438103017,-0.018171326609530636,0.6821355809225744,0
SYN,5m,2024-01-01T00:05:06Z,110.93225611239247,110.93225611239247,110.6798304709809,110.6798304709809,1158.0993752490085,-0.002275493623385919,-0.009118028171877639,0.0,0.21998358353125372,-0.01968978813269298,0.6416213622631178,0
SYN,5m,2024-01-01T00:05:07Z,110.6798304709809,110.6798304709809,110.49660728481608,110.49660728481608,1151.4352501987585,-0.0016554342863116611,-0.008833406975930947,0.0,0.21844855685764283,-0.020542161070913046,0.5961416438321611,0
SYN,5m,2024-01-01T00:05:08Z,110.49660728481608,110.49660728481608,110.22764247344955,110.22764247344955,1144.1811576615737,-0.0024341454274088813,-0.009931612747053365,0.0,0.21657204263379068,-0.022129140416895076,0.5466356571383957,0
SYN,5m,2024-01-01T00:05:09Z,110.22764247344955,110.22764247344955,110.0279429775993,110.0279429775993,1136.4795952641184,-0.0018117006893108097,-0.009634013329962342,0.0,0.2146674666769083,-0.023043732939087173,0.49407588572450717,0
SYN,5m,2024-01-01T00:05:10Z,110.0279429775993,110.0279429775993,109.89721022793738,109.89721022793738,1128.476756184877,-0.0011881777130790551,-0.009330432109903334,0.0,0.21273784599873125,-0.02330933527888406,0.43946003364674713,0
SYN,5m,2024-01-01T00:05:11Z,109.89721022793738,109.89721022793738,109.68140970622312,109.68140970622312,1120.3213217779407,-0.001963657869628049,-0.009020801355668477,0.0,0.21048852872137047,-0.024329670526978035,0.38380278566403025,0
SYN,5m,2024-01-01T00:05:12Z,109.68140970622312,109.68140970622312,109.53463119442378,109.53463119442378,982.1632336475093,-0.001338225978244444,-0.008705933277324147,0.0,0.20822660592400005,-0.02469435896122511,-0.5590653177632255,0
SYN,5m,2024-01-01T00:05:13Z,109.53463119442378,109.53463119442378,109.30329733793636,109.30329733793636,974.1524553142823,-0.0021119700131806453,-0.008385783409418729,0.0,0.20566413325458552,-0.025809609508508136,-0.6137353517528042,0
SYN,5m,2024-01-01T00:05:14Z,109.30329733793636,109.30329733793636,109.14098404008574,109.14098404008574,966.437733700842,-0.0014849807993329545,-0.008061215301408766,0.0,0.20310313693863286,-0.026263214586727705,-0.6663849290201627,1
SYN,5m,2024-01-01T00:05:15Z,109.14098404008574,109.14098404008574,108.89461445443499,108.89461445443499,959.1653706646474,-0.0022573516980593337,-0.009123032071723316,0.0,0.2002631607779922,-0.027464108857757356,-0.7160156038229141,1
SYN,5m,2024-01-01T00:05:16Z,108.89461445443499,108.89461445443499,108.71720571329708,108.71720571329708,952.4780147242591,-0.0016291782842221593,-0.008790951862386008,0.0,0.19744013296720705,-0.02799798763418091,-0.7616538628476356,1
SYN,5m,2024-01-01T00:05:17Z,108.71720571329708,108.71720571329708,108.60842784168963,108.60842784168963,946.5134829576651,-0.0010005580155758125,-0.008455803818704052,0.0,0.19463817657769564,-0.02788925259637254,-0.8023591652349327,1
SYN,5m,2024-01-01T00:05:18Z,108.60842784168963,108.60842784168963,108.41601824834409,108.41601824834409,941.4036228023728,-0.0017715898956387234,-0.008117587586118661,0.0,0.19158906404266166,-0.028548247985876893,-0.8372317102925232,1
SYN,5m,2024-01-01T00:05:19Z,108.41601824834409,108.41601824834409,108.29216659368723,108.29216659368723,937.2732231574065,-0.0011423741312207073,-0.007777256672770663,0.0,0.1885778227646599,-0.028558908953663163,-0.8654198687445228,1
SYN,5m,2024-01-01T00:05:20Z,108.29216659368723,108.46402498576316,108.29216659368723,108.46402498576316,934.2389837801647,0.0015869882142144822,-0.003954185161764805,6.714471451668999,0.18282301924068634,-0.025873137992450678,-0.8861272161439987,1
SYN,5m,2024-01-01T00:05:21Z,108.46402498576316,108.70442417026214,108.46402498576316,108.70442417026214,932.4085514896631,0.002216395570149067,-0.00011756688328285149,15.754876351742496,0.18690701912169772,-0.02267876192572309,-0.8986191103613534,1
SYN,5m,2024-01-01T00:05:22Z,108.70442417026214,108.86158317955609,108.70442417026214,108.86158317955609,931.8796311359358,0.0014457462103639215,0.0023308995710302084,22.732176877117254,0.17892089040222764,-0.020370897284852675,-0.9022287588266106,1
SYN,5m,2024-01-01T00:05:23Z,108.86158317955609,109.08746428107844,108.86158317955609,109.08746428107844,932.7391786778958,0.002074938604831599,0.00619323642006754,31.421351765565035,0.18079100509309143,-0.017542071383212295,-0.8963627254176347,1
SYN,5m,2024-01-01T00:05:24Z,109.08746428107844,109.38242279631037,109.08746428107844,109.38242279631037,935.0626830338447,0.0027038717709298456,0.010067729152689176,40.45027524239756,0.19252141691952065,-0.014217866144497717,-0.8805058315141069,1
SYN,5m,2024-01-01T00:05:25Z,109.38242279631037,109.59379838045018,109.38242279631037,109.59379838045018,808.9135426356628,0.0019324456227618498,0.010416111653936072,48.37206616710854,0.1922053499499177,-0.011780873427517708,-1.7414181556910477,1
SYN,5m,2024-01-01T00:05:26Z,109.59379838045018,109.87442002120733,109.59379838045018,109.87442002120733,814.3425418355777,0.002560561317374738,0.010763093221602805,56.01456186749472,0.2017655734469039,-0.008836105852237009,-1.7043676272102304,1
SYN,5m,2024-01-01T00:05:27Z,109.87442002120733,110.07088884456962,109.87442002120733,110.07088884456962,821.3874314897463,0.0017881215966771321,0.01110865403288233,63.75684503758376,0.1992752139379661,-0.006759505897647744,-1.656289358055193,1
SYN,5m,2024-01-01T00:05:28Z,110.07088884456962,110.33671346696192,110.07088884456962,110.33671346696192,830.0726171825195,0.00241503112387573,0.011451812489330833,70.66330566714176,0.2066688799766579,-0.004164046911124531,-1.597016790861533,1
SYN,5m,2024-01-01T00:05:29Z,110.33671346696192,110.51779772949014,110.33671346696192,110.51779772949014,840.4089576662702,0.0016411968132659515,0.010379866382133873,78.69762968140043,0.20200564261076234,-0.002419943196840382,-1.526475819426754,1
SYN,5m,2024-01-01T00:05:30Z,110.51779772949014,110.76828942936689,110.51779772949014,110.76828942936689,852.3936751814276,0.0022665281522335906,0.010716765604195152,85.34934877265637,0.2072258539492507,-0.00014706544038694194,-1.4446854007365373,1
SYN,5m,2024-01-01T00:05:31Z,110.76828942936689,111.08851363267961,110.76828942936689,111.08851363267961,866.0103783973609,0.0028909375143588824,0.011049829534826593,89.83934954732918,0.22232916335677036,0.002628669927036678,-1.3517573984033109,1
SYN,5m,2024-01-01T00:05:32Z,111.08851363267961,111.32339257197576,111.08851363267961,111.32339257197576,881.2291977846522,0.0021143404625323593,0.011379064351654217,96.07452909039073,0.22536268806752804,0.004547395240379037,-1.2478956588101102,1
SYN,5m,2024-01-01T00:05:33Z,111.32339257197576,111.62804640676723,111.32339257197576,111.62804640676723,898.007032300747,0.0027366560410427066,0.011703565379369072,100.0,0.23827712950571417,0.006979302261864834,-1.1333943275896603,1
SYN,5m,2024-01-01T00:05:34Z,111.62804640676723,111.84659258362721,111.62804640676723,111.84659258362721,916.2879053516642,0.001957807055617691,0.012023356250633123,100.0,0.2416119712760038,0.008569856317123842,-1.0086354203424766,1
SYN,5m,2024-01-01T00:05:35Z,111.84659258362721,112.13490182034083,111.84659258362721,112.13490182034083,936.0034270899562,0.002577720340456936,0.012337577821361795,100.0,0.24503411786276327,0.010682879313355358,-0.8740856676568962,1
SYN,5m,2024-01-01T00:05:36Z,112.13490182034083,112.33633277339321,112.13490182034083,112.33633277339321,957.0733592309073,0.0017963270113270082,0.011232656733886874,100.0,0.24819639955979408,0.01196832665604604,-0.7302926604872805,1
SYN,5m,2024-01-01T00:05:37Z,112.33633277339321,112.60746355646195,112.33633277339321,112.60746355646195,979.4062777222796,0.0024135627038464167,0.011534601621631143,100.0,0.25142851967025087,0.013784623645203536,-0.5778803277248559,1
SYN,5m,2024-01-01T00:05:38Z,112.60746355646195,112.94859298016439,112.60746355646195,112.94859298016439,872.900327794773,0.0030293677961354373,0.011829881610443654,100.0,0.25472644170385905,0.01610582874901078,-1.3047365282613128,1
SYN,5m,2024-01-01T00:05:39Z,112.94859298016439,113.2020143393726,112.94859298016439,113.2020143393726,897.4440651574008,0.0022436876150613836,0.012118578889490438,100.0,0.25772971135160105,0.01759045998982731,-1.1372363303990622,1
SYN,5m,2024-01-01T00:05:40Z,113.2020143393726,113.52537279446905,113.2020143393726,113.52537279446905,922.9173763905479,0.00285647262536376,0.012399983872603654,100.0,0.2607823409472658,0.01958913628891388,-0.9633922002766556,1
SYN,5m,2024-01-01T00:05:41Z,113.52537279446905,113.76010677846756,113.52537279446905,113.76010677846756,949.192470935387,0.0020676786010073852,0.01267420762209152,100.0,0.26351556670699544,0.020764593525801133,-0.7840762521761306,1
SYN,5m,2024-01-01T00:05:42Z,113.76010677846756,114.0646729330266,113.76010677846756,114.0646729330266,976.1349364870476,0.0026772667781698027,0.012940610955454089,100.0,0.26628281900461964,0.022462433736998598,-0.6002057908798945,1
SYN,5m,2024-01-01T00:05:43Z,114.0646729330266,114.27970810948185,114.0646729330266,114.27970810948185,1003.6048490752752,0.001885203989332472,0.011785141312483802,100.0,0.2687078842851217,0.023348811131837854,-0.41273573585913725,1
SYN,5m,2024-01-01T00:05:44Z,114.27970810948185,114.5644317485191,114.27970810948185,114.5644317485191,1031.4579286646797,0.002491462778015525,0.012035275318176403,100.0,0.27115302279658643,0.024765228190730956,-0.22265073481108305,1
SYN,5m,2024-01-01T00:05:45Z,114.5644317485191,114.91912569163235,114.5644317485191,114.91912569163235,1059.5467307307435,0.003096021493755038,0.012277016695524116,100.0,0.27361514706805273,0.026686031131676623,-0.03095703167753699,1
SYN,5m,2024-01-01T00:05:46Z,114.91912569163235,115.18330917477114,114.91912569163235,115.18330917477114,1087.721863970617,0.002298864366995702,0.012510557844984045,100.0,0.2757083287710986,0.027784360453889642,0.16132584369498573,1
SYN,5m,2024-01-01T00:05:47Z,115.18330917477114,115.51733864781724,115.18330917477114,115.51733864781724,1115.8332240919183,0.002899981563641899,0.012735456802156242,100.0,0.27780658864642965,0.029395787246369064,0.35317349562043016,1
SYN,5m,2024-01-01T00:05:48Z,115.51733864781724,115.75985219284408,115.51733864781724,115.75985219284408,1143.731233489948,0.0020993692190762825,0.012951941406292631,100.0,0.2795185435154904,0.030196658355259864,0.5435651228242094,1
SYN,5m,2024-01-01T00:05:49Z,115.75985219284408,116.07205992351261,115.75985219284408,116.07205992351261,1171.268076575116,0.002697029451527171,0.013159653061457284,100.0,0.28122557879798443,0.03151873231601335,0.7314919490088252,1
SYN,5m,2024-01-01T00:05:50Z,116.07205992351261,116.29178089196162,116.07205992351261,116.29178089196162,1198.2989205482797,0.0018929703547416908,0.011944532227060134,100.0,0.2825320084691723,0.03204078755992794,0.9159655541078892,1
SYN,5m,2024-01-01T00:05:51Z,116.29178089196162,116.58102250365663,116.29178089196162,116.58102250365663,1094.6831115418984,0.0024872059699878376,0.01213468634387552,100.0,0.2838256390853339,0.03309164882145279,0.2088332924722527,1
SYN,5m,2024-01-01T00:05:52Z,116.58102250365663,116.94006363488442,116.58102250365663,116.94006363488442,1120.2853362483381,0.0030797562374831325,0.01231611638322718,100.0,0.28510504676571663,0.03464621668409837,0.38355720027336376,1
SYN,5m,2024-01-01T00:05:53Z,116.94006363488442,117.20559323106885,116.94006363488442,117.20559323106885,1144.9767394417129,0.002270646927416341,0.012489140326616093,100.0,0.2859699208354464,0.03538878802708792,0.5520651523949667,1
SYN,5m,2024-01-01T00:05:54Z,117.20559323106885,117.54079062655802,117.20559323106885,117.54079062655802,1168.635988163889,0.002859909550803934,0.012653611075854524,100.0,0.28681555943492654,0.03664395026991248,0.7135291048356798,1
SYN,5m,2024-01-01T00:05:55Z,117.54079062655802,117.78146494561224,117.54079062655802,117.78146494561224,1191.1502737858,0.002047581250485836,0.012809882540491657,100.0,0.2872398690817631,0.037098254867721246,0.8671791883856926,1
SYN,5m,2024-01-01T00:05:56Z,117.78146494561224,118.09166654019009,117.78146494561224,118.09166654019009,1212.4162436682566,0.002633704672641734,0.012957889749904031,100.0,0.2876424005116779,0.03807356894352589,1.0123100668014635,0
SYN,5m,2024-01-01T00:05:57Z,118.09166654019009,118.30639590268385,118.09166654019009,118.30639590268385,1232.3408547278927,0.001818327819268071,0.011684039031015463,100.0,0.28762055665728575,0.03825794317207138,1.1482867620173762,0
SYN,5m,2024-01-01T00:05:58Z,118.30639590268385,118.59050917172486,118.30639590268385,118.59050917172486,1250.8421418588364,0.0024015038821292465,0.011816125002888526,100.0,0.2875769588004116,0.03897136904038566,1.274549898285209,0
SYN,5m,2024-01-01T00:05:59Z,118.59050917172486,118.94429917739029,118.59050917172486,118.94429917739029,1267.849894863874,0.0029832910587568656,0.011940608390932092,100.0,0.28751239183985333,0.04018948238747828,1.3906203219311972,0
SYN,5m,2024-01-01T00:06:00Z,118.94429917739029,118.94429917739029,118.7853601372681,118.7853601372681,1283.306238304509,-0.0013362476488692795,0.008523371585838439,95.94535925550733,0.27999493162438177,0.03737952677912422,1.4961030585773036,0
SYN,5m,2024-01-01T00:06:01Z,118.7853601372681,118.7853601372681,118.6954343156098,118.6954343156098,1297.166109481043,-0.00075704465225664,0.005112704334765501,93.2296876134029,0.26255895652525296,0.035212964143381355,1.5906905751447553,0
SYN,5m,2024-01-01T00:06:02Z,118.6954343156098,118.6954343156098,118.50801090014215,118.50801090014215,1309.397630595168,-0.0015790280102037616,0.0017041766501293062,87.95028507464188,0.2586239472710251,0.032366065169084045,1.6741653196998325,0
SYN,5m,2024-01-01T00:06:03Z,118.50801090014215,118.50801090014215,118.38925145344281,118.38925145344281,1319.9823720214536,-0.00100212167765952,-0.0016970811550409968,83.80504091023928,0.24480621270179728,0.03016421313500549,1.7464015181658092,0
SYN,5m,2024-01-01T00:06:04Z,118.38925145344281,118.38925145344281,118.17304358390703,118.17304358390703,1198.91550451343,-0.0018262457687791367,-0.00648417451544299,77.47352422326546,0.24455527706513788,0.02727648809931369,0.9201734681119978,0
SYN,5m,2024-01-01T00:06:05Z,118.17304358390703,118.17304358390703,118.02517166523224,118.02517166523224,1206.20583908724,-0.001251316833265794,-0.006399681502479698,71.99834450283095,0.23445744184940867,0.025035904162753017,0.9699267907438875,0
SYN,5m,2024-01-01T00:06:06Z,118.02517166523224,118.02517166523224,117.94523933665353,117.94523933665353,1211.875754253457,-0.000677248145043395,-0.006320335599105801,66.73454611520472,0.214521098803045,0.023419275265982604,1.0086214645896734,0
SYN,5m,2024-01-01T00:06:07Z,117.94523933665353,117.94523933665353,117.76785559368668,117.76785559368668,1215.9610111980571,-0.001503950002259465,-0.00624561412206261,59.643799688947624,0.20822496643036154,0.021087615462900153,1.0365015439935785,0
SYN,5m,2024-01-01T00:06:08Z,117.76785559368668,117.76785559368668,117.65817485231051,117.65817485231051,1218.5104584389162,-0.0009313300375832476,-0.0061751940497723375,52.18216074773185,0.19211663399371812,0.0193838956638954,1.0539003985760718,0
SYN,5m,2024-01-01T00:06:09Z,117.65817485231051,117.65817485231051,117.4511795856325,117.4511795856325,1219.5856283970068,-0.0017592935377234603,-0.006108533523230954,43.78217051341587,0.18971098739541706,0.016963284655551972,1.0612379600099688,0
SYN,5m,2024-01-01T00:06:10Z,117.4511795856325,117.4511795856325,117.31167767867586,117.31167767867586,1219.26022921413,-0.001187743771061314,-0.006045269636041147,34.307663947872825,0.1775181525653307,0.015174916134468879,1.0590172539002687,0
SYN,5m,2024-01-01T00:06:11Z,117.31167767867586,117.31167767867586,117.07510902327367,117.07510902327367,1217.6195360141285,-0.002016582322266087,-0.0073774093661909445,25.443937085579748,0.17907810205879063,0.012667866517207494,1.0478202454100307,0
SYN,5m,2024-01-01T00:06:12Z,117.07510902327367,117.07510902327367,116.9058524338204,116.9058524338204,1214.7596866350348,-0.0014457094327336667,-0.0073195113855200975,14.789088319896408,0.1708740535168088,0.01079768280480837,1.0283030329424694,0
SYN,5m,2024-01-01T00:06:13Z,116.9058524338204,116.9058524338204,116.80355696678913,116.80355696678913,1210.786887648528,-0.000875024345673176,-0.007263565719884152,0.0,0.15291015790008292,0.009541883978777633,1.001190429573428,0
SYN,5m,2024-01-01T00:06:14Z,116.80355696678913,116.80355696678913,116.60447398774112,116.60447398774112,1205.8165372240048,-0.0017044256546452632,-0.007209000376825177,0.0,0.15577758210907028,0.007542963437698975,0.96726997698498,0
SYN,5m,2024-01-01T00:06:15Z,116.60447398774112,116.60447398774112,116.47226647618463,116.47226647618463,1199.9722720813484,-0.0011338116543485835,-0.007155393385391991,0.0,0.1587977028160838,0.006164802222335243,0.9273854413378138,0
SYN,5m,2024-01-01T00:06:16Z,116.47226647618463,116.47226647618463,116.24362201866052,116.24362201866052,1193.3849464033692,-0.001963080692439891,-0.007102167245881943,0.0,0.16174206296297403,0.004044888579239131,0.8824298447983607,0
SYN,5m,2024-01-01T00:06:17Z,116.24362201866052,116.24362201866052,116.08179560831329,116.08179560831329,1056.1915511408627,-0.0013921315211707136,-0.007048892834288231,0.0,0.1648182746521089,0.002552280479623223,-0.05385465467867655,0
SYN,5m,2024-01-01T00:06:18Z,116.08179560831329,116.08179560831329,115.82399376829581,115.82399376829581,1048.534082635506,-0.0022208636476244836,-0.008386415824407162,0.0,0.16778927254365886,0.00031912883511774445,-0.10611350469897693,0
SYN,5m,2024-01-01T00:06:19Z,115.82399376829581,115.82399376829581,115.63297942280913,115.63297942280913,1040.5583699043575,-0.0016491776813429503,-0.008331537647810345,0.0,0.17087087445879337,-0.0012800010170512816,-0.16054423139808294,0
SYN,5m,2024-01-01T00:06:20Z,115.63297942280913,115.63297942280913,115.5084455163801,115.5084455163801,1032.4128702711641,-0.0010769756781382146,-0.008275111225740567,0.0,0.1740567014481016,-0.0022669877271994264,-0.21613367892551125,0
SYN,5m,2024-01-01T00:06:21Z,115.5084455163801,115.5084455163801,115.28849878393993,115.28849878393993,1024.247443291092,-0.0019041614789023168,-0.008216564643583309,0.0,0.17709691498191052,-0.004015220355361002,-0.2718591218189166,0
SYN,5m,2024-01-01T00:06:22Z,115.28849878393993,115.28849878393993,115.13509117575953,115.13509117575953,1016.2121130947282,-0.0013306410422422106,-0.008155494387321138,0.0,0.18022026261078444,-0.0051430633453379655,-0.3266967114611868,0
SYN,5m,2024-01-01T00:06:23Z,115.13509117575953,115.13509117575953,114.88682275705558,114.88682275705558,1008.4558293729116,-0.0021563227697883143,-0.008091337388305059,0.0,0.18316834489835138,-0.007028290943032124,-0.3796299318132867,0
SYN,5m,2024-01-01T00:06:24Z,114.88682275705558,114.88682275705558,114.70517315396054,114.70517315396054,1001.125237235103,-0.001581117823052368,-0.008023716706771725,0.0,0.18617889462252282,-0.008284884271087627,-0.4296579945890911,0
SYN,5m,2024-01-01T00:06:25Z,114.70517315396054,114.70517315396054,114.42931404542766,114.42931404542766,994.3634661007698,-0.0024049404307390615,-0.009342446486299713,0.0,0.18898535556042922,-0.010295375655153116,-0.47580410453828953,0
SYN,5m,2024-01-01T00:06:26Z,114.42931404542766,114.42931404542766,114.22017065149187,114.22017065149187,988.3089476260661,-0.0018277081854459194,-0.009266562959156864,0.0,0.1918344130234664,-0.0116689963080948,-0.5171235265761781,0
SYN,5m,2024-01-01T00:06:27Z,114.22017065149187,114.22017065149187,114.0774705575023,114.0774705575023,983.0942724282603,-0.0012493423287291419,-0.009185910285533373,0.0,0.19472045780620256,-0.012427263027384852,-0.5527113881359194,0
SYN,5m,2024-01-01T00:06:28Z,114.0774705575023,114.0774705575023,113.84135665673556,113.84135665673556,978.8450950499742,-0.0020697680235443384,-0.00909996529829024,0.0,0.1973655236432543,-0.013957408627392604,-0.5817101523053266,0
SYN,5m,2024-01-01T00:06:29Z,113.84135665673556,113.84135665673556,113.67185659723147,113.67185659723147,975.6790962068974,-0.0014889146131241175,-0.009008456448098723,0.0,0.20002927706808293,-0.014862714386863237,-0.6033167000291674,0
